postal_code,type,city_en
00100,CITY_ZONE,Colombo 01
00200,CITY_ZONE,Colombo 02
00300,CITY_ZONE,Colombo 03
00400,CITY_ZONE,Colombo 04
00500,CITY_ZONE,Colombo 05
00600,CITY_ZONE,Colombo 06
00700,CITY_ZONE,Colombo 07
00800,CITY_ZONE,Colombo 08
00900,CITY_ZONE,Colombo 09
01000,CITY_ZONE,Colombo 10
01100,CITY_ZONE,Colombo 11
01200,CITY_ZONE,Colombo 12
01300,CITY_ZONE,Colombo 13
01400,CITY_ZONE,Colombo 14
01500,CITY_ZONE,Colombo 15
40150,POST_OFFICE,Achchuvely
41160,POST_OFFICE,Adampan
32350,POST_OFFICE,Addalaichenai
20713,POST_OFFICE,Adhikarigama
61012,POST_OFFICE,Adippala
12200,POST_OFFICE,Agalawatta
80212,POST_OFFICE,Agaliya
22094,POST_OFFICE,Agarapathana
31304,POST_OFFICE,Agbopura
80650,POST_OFFICE,Ahangama
80562,POST_OFFICE,Ahungalla
11536,POST_OFFICE,Akaragama
10732,POST_OFFICE,Akarawita
70082,POST_OFFICE,Akarella
32400,POST_OFFICE,Akkarapattu
90166,POST_OFFICE,Akkaraseeya
42425,POST_OFFICE,Akkarayankulam
80090,POST_OFFICE,Akmeemana
21142,POST_OFFICE,Akuramboda
20850,POST_OFFICE,Akurana
81400,POST_OFFICE,Akuressa
60416,POST_OFFICE,Alahenegama
60182,POST_OFFICE,Alahitiyawa
70132,POST_OFFICE,Alakola Ella
42005,POST_OFFICE,Alampil
81475,POST_OFFICE,Alapaladeniya
40120,POST_OFFICE,Alaveddy
11122,POST_OFFICE,Alawala
20140,POST_OFFICE,Alawatugoda
71204,POST_OFFICE,Alawatura
60047,POST_OFFICE,Alawatuwala
60280,POST_OFFICE,Alawwa
71607,POST_OFFICE,Algama
42565,POST_OFFICE,Aliyawalai
40048,POST_OFFICE,Allaipiddy
12524,POST_OFFICE,Alubomulla
20062,POST_OFFICE,Aludeniya
90736,POST_OFFICE,Aluketiyawa
12080,POST_OFFICE,Aluthgama
71508,POST_OFFICE,Aluthnuwara
90722,POST_OFFICE,Aluththarama
80332,POST_OFFICE,Aluthwala
51014,POST_OFFICE,Aluthwewa
40635,POST_OFFICE,Alvai
21004,POST_OFFICE,Alwatta
90108,POST_OFFICE,Ambadandegama
20986,POST_OFFICE,Ambagahapelassa
90326,POST_OFFICE,Ambagahawatte
22678,POST_OFFICE,Ambagamuwa Udabulathgama
90300,POST_OFFICE,Ambagasdowa
11052,POST_OFFICE,Ambagaspitiya
61024,POST_OFFICE,Ambakandawila
60036,POST_OFFICE,Ambakote
71546,POST_OFFICE,Ambalakanda
80300,POST_OFFICE,Ambalangoda
82100,POST_OFFICE,Ambalantota
21504,POST_OFFICE,Ambana
22284,POST_OFFICE,Ambanella
60650,POST_OFFICE,Ambanpola
22686,POST_OFFICE,Ambatalawa
20136,POST_OFFICE,Ambatenna
11212,POST_OFFICE,Ambepussa
22216,POST_OFFICE,Ambewela
71503,POST_OFFICE,Ambulugala
71320,POST_OFFICE,Amitirigala
71232,POST_OFFICE,Ampagala
32000,POST_OFFICE,Ampara
80204,POST_OFFICE,Ampegama
30162,POST_OFFICE,Ampilanthurai
20160,POST_OFFICE,Ampitiya
80422,POST_OFFICE,Amugoda
90204,POST_OFFICE,Amunumulla
40198,POST_OFFICE,Anaicoddai
40280,POST_OFFICE,Analaithivu
61500,POST_OFFICE,Anamaduwa
80044,POST_OFFICE,Anangoda
21077,POST_OFFICE,Andawala Lihinipitiya
11558,POST_OFFICE,Andiambalama
61508,POST_OFFICE,Andigama
50112,POST_OFFICE,Andiyagala
50248,POST_OFFICE,Angamuwa
80122,POST_OFFICE,Angulugaha
82220,POST_OFFICE,Angunakolapelessa
91302,POST_OFFICE,Angunakolawewa
61264,POST_OFFICE,Angunawila
12320,POST_OFFICE,Anguruwatota
60074,POST_OFFICE,Anhandiya
71403,POST_OFFICE,Anhettigama
80048,POST_OFFICE,Ankokkawala
20150,POST_OFFICE,Ankumbura
60214,POST_OFFICE,Anukkane
50033,POST_OFFICE,Anura Wijayapura
50000,POST_OFFICE,Anuradhapura
81032,POST_OFFICE,Aparekka
60243,POST_OFFICE,Arachchikattuwa
60308,POST_OFFICE,Aragoda
51100,POST_OFFICE,Aralaganwila
71540,POST_OFFICE,Aranayaka
90017,POST_OFFICE,Arawa
90532,POST_OFFICE,Arawakumbura
90712,POST_OFFICE,Arawatte
30150,POST_OFFICE,Arayampathy
41060,POST_OFFICE,Arippu
71041,POST_OFFICE,Aruggammana
51072,POST_OFFICE,Aselapura
20574,POST_OFFICE,Atabage
70294,POST_OFFICE,Atakalanpanna
90542,POST_OFFICE,Atakiriya
71363,POST_OFFICE,Atale
60706,POST_OFFICE,Ataragalla
21512,POST_OFFICE,Ataragallewa
41180,POST_OFFICE,Aththimottai
10150,POST_OFFICE,Athurugiriya
11120,POST_OFFICE,Attanagalla
51235,POST_OFFICE,Attanakadawala
61328,POST_OFFICE,Attawilluwa
81402,POST_OFFICE,Aturaliya
50169,POST_OFFICE,Awukana
60462,POST_OFFICE,Awulegama
70024,POST_OFFICE,Ayagama
30362,POST_OFFICE,Ayithiyamalai
91516,POST_OFFICE,Ayiwela
11538,POST_OFFICE,Badalgama
91070,POST_OFFICE,Badalkumbura
80200,POST_OFFICE,Baddegama
90000,POST_OFFICE,Badulla
90019,POST_OFFICE,Baduluoya
91058,POST_OFFICE,Baduluwela
12230,POST_OFFICE,Baduraliya
51250,POST_OFFICE,Bakamuna
30206,POST_OFFICE,Bakiella
91554,POST_OFFICE,Bakinigahawela
31028,POST_OFFICE,Bakmeegama
32024,POST_OFFICE,Bakmitiyawa
91295,POST_OFFICE,Balaharuwa
60604,POST_OFFICE,Balalla
20308,POST_OFFICE,Balana
70100,POST_OFFICE,Balangoda
80550,POST_OFFICE,Balapitiya
90092,POST_OFFICE,Ballaketuwa
20644,POST_OFFICE,Bambaragahaela
21212,POST_OFFICE,Bambaragaswewa
90322,POST_OFFICE,Bambarapana
60347,POST_OFFICE,Bamunakotuwa
80143,POST_OFFICE,Banagala
82005,POST_OFFICE,Bandagiriya Colony
60424,POST_OFFICE,Bandara Koswatta
12530,POST_OFFICE,Bandaragama
90100,POST_OFFICE,Bandarawela
11244,POST_OFFICE,Banduragoda
61238,POST_OFFICE,Bangadeniya
61262,POST_OFFICE,Baranankattuwa
82110,POST_OFFICE,Barawakumbuka
20967,POST_OFFICE,Barawardhanaoya
20154,POST_OFFICE,Batagolladeniya
80320,POST_OFFICE,Batapola
70504,POST_OFFICE,Batatota
10513,POST_OFFICE,Batawala
10120,POST_OFFICE,Battaramulla
30000,POST_OFFICE,Batticaloa
61246,POST_OFFICE,Battuluoya
10526,POST_OFFICE,Batugampola
20132,POST_OFFICE,Batugoda
20966,POST_OFFICE,Batumulla
11011,POST_OFFICE,Batuwatta
71321,POST_OFFICE,Batuwita
20218,POST_OFFICE,Bawlana
82400,POST_OFFICE,Beliatta
71044,POST_OFFICE,Beligala
21214,POST_OFFICE,Beligamuwa
70140,POST_OFFICE,Belihuloya
12224,POST_OFFICE,Bellana
11040,POST_OFFICE,Bemmulla
81614,POST_OFFICE,Bengamuwa
80500,POST_OFFICE,Bentota
82102,POST_OFFICE,Beragama
81541,POST_OFFICE,Beralapanathara
82618,POST_OFFICE,Beralihela
90066,POST_OFFICE,Beramada
71706,POST_OFFICE,Berannawa
12070,POST_OFFICE,Beruwala
91500,POST_OFFICE,Bibila
90502,POST_OFFICE,Bibilegama
60450,POST_OFFICE,Bingiriya
11650,POST_OFFICE,Biyagama
11672,POST_OFFICE,Biyagama EPZ
90354,POST_OFFICE,Bogahakumbura
91074,POST_OFFICE,Bogahapelassa
50566,POST_OFFICE,Bogahawewa
60107,POST_OFFICE,Bogamulla
43583,POST_OFFICE,Bogaswewa
22060,POST_OFFICE,Bogawantalawa
11216,POST_OFFICE,Bokalagama
20093,POST_OFFICE,Bokkawela
11024,POST_OFFICE,Bollete
12008,POST_OFFICE,Bolossagama
70131,POST_OFFICE,Bolthumbe
12024,POST_OFFICE,Bombuwala
80270,POST_OFFICE,Boossa
11134,POST_OFFICE,Bopagama
81412,POST_OFFICE,Bopagoda
20932,POST_OFFICE,Bopana
22095,POST_OFFICE,Bopattalawa
10522,POST_OFFICE,Bope
60155,POST_OFFICE,Bopitiya
71612,POST_OFFICE,Bopitiya
90362,POST_OFFICE,Boragas
90170,POST_OFFICE,Boralanda
71418,POST_OFFICE,Boralankada
10290,POST_OFFICE,Boralesgamuwa
61152,POST_OFFICE,Boralessa
12142,POST_OFFICE,Boralugoda
70344,POST_OFFICE,Boraluwageaina
60437,POST_OFFICE,Boraluwewa
32073,POST_OFFICE,Borapola
00800,POST_OFFICE,Borella
71208,POST_OFFICE,Bossella
12307,POST_OFFICE,Botalegama
82458,POST_OFFICE,Bowalagama
90302,POST_OFFICE,Bowela
60027,POST_OFFICE,Boyagane
91038,POST_OFFICE,Buddama
61136,POST_OFFICE,Bujjampola
60291,POST_OFFICE,Bujjomuwa
71230,POST_OFFICE,Bulathkohupitiya
12300,POST_OFFICE,Bulathsinhala
70346,POST_OFFICE,Bulutota
60076,POST_OFFICE,Buluwala
82002,POST_OFFICE,Bundala
11720,POST_OFFICE,Buthpitiya
91100,POST_OFFICE,Buttala
32050,POST_OFFICE,Central Camp
40212,POST_OFFICE,Chankanai
40500,POST_OFFICE,Chavakachcheri
32306,POST_OFFICE,Chavalakadai
43120,POST_OFFICE,Cheddikulam
30194,POST_OFFICE,Cheddipalayam
43060,POST_OFFICE,Chemamadukkulam
30350,POST_OFFICE,Chenkaladi
41140,POST_OFFICE,Chilavathurai
61000,POST_OFFICE,Chilaw
31050,POST_OFFICE,Chinabay
40230,POST_OFFICE,Chulipuram
40075,POST_OFFICE,Chunnakam
32046,POST_OFFICE,Dadayamtalawa
11524,POST_OFFICE,Dagonna
51092,POST_OFFICE,Dalukana
32014,POST_OFFICE,Damana
32126,POST_OFFICE,Damanewela
60130,POST_OFFICE,Dambadeniya
91050,POST_OFFICE,Dambagalla
90714,POST_OFFICE,Dambana
90161,POST_OFFICE,Dambetenna
21100,POST_OFFICE,Dambulla
70019,POST_OFFICE,Dambuluwana
51106,POST_OFFICE,Damminna
81612,POST_OFFICE,Dampahala
71034,POST_OFFICE,Damunupola
12148,POST_OFFICE,Danawala Thiniyawala
81476,POST_OFFICE,Dangala
21032,POST_OFFICE,Dankanda
61130,POST_OFFICE,Dankotuwa
11896,POST_OFFICE,Danowita
20465,POST_OFFICE,Danture
60174,POST_OFFICE,Daraluwa
71430,POST_OFFICE,Daraniyagala
70455,POST_OFFICE,Daugala
22096,POST_OFFICE,Dayagama Bazaar
11889,POST_OFFICE,Debahera
71037,POST_OFFICE,Debathgama
10656,POST_OFFICE,Dedigamuwa
71237,POST_OFFICE,Dedugala
20068,POST_OFFICE,Dedunupitiya
81452,POST_OFFICE,Deegala Lenama
60228,POST_OFFICE,Deegalla
32006,POST_OFFICE,Deegawapiya
60123,POST_OFFICE,Deekirikewa
71022,POST_OFFICE,Deewala Pallegama
32150,POST_OFFICE,Dehiattakandiya
90709,POST_OFFICE,Dehigama
71400,POST_OFFICE,Dehiowita
20739,POST_OFFICE,Dehipe
10350,POST_OFFICE,Dehiwala
31226,POST_OFFICE,Dehiwatte
81320,POST_OFFICE,Deiyandara
11690,POST_OFFICE,Dekatana
20658,POST_OFFICE,Dekinda
70042,POST_OFFICE,Dela
71009,POST_OFFICE,Deldeniya
40378,POST_OFFICE,Delft West
40370,POST_OFFICE,Delft
11700,POST_OFFICE,Delgoda
81477,POST_OFFICE,Dellawa
12304,POST_OFFICE,Delmella
71401,POST_OFFICE,Deloluwa
10302,POST_OFFICE,Deltara
20430,POST_OFFICE,Deltota
11228,POST_OFFICE,Delwagura
70046,POST_OFFICE,Delwala
60044,POST_OFFICE,Delwita
11692,POST_OFFICE,Demalagama
11270,POST_OFFICE,Demanhandiya
60024,POST_OFFICE,Demataluwa
50356,POST_OFFICE,Dematawewa
90080,POST_OFFICE,Demodara
70332,POST_OFFICE,Demuwatha
81314,POST_OFFICE,Denagama
81730,POST_OFFICE,Denipitiya
81500,POST_OFFICE,Deniyaya
81454,POST_OFFICE,Derangala
21552,POST_OFFICE,Devagiriya
32038,POST_OFFICE,Devalahinda
81160,POST_OFFICE,Devinuwara
70509,POST_OFFICE,Devipahala
51094,POST_OFFICE,Dewagala
21206,POST_OFFICE,Dewahuwa
11102,POST_OFFICE,Dewalapola
71050,POST_OFFICE,Dewalegama
71527,POST_OFFICE,Dewanagala
50027,POST_OFFICE,Dewanampiyatissapura
12090,POST_OFFICE,Dharga Town
60544,POST_OFFICE,Diddeniya
32008,POST_OFFICE,Digamadulla Weeragoda
20185,POST_OFFICE,Digana
70037,POST_OFFICE,Diganakanda
90132,POST_OFFICE,Diganatenna
60485,POST_OFFICE,Digannewa
90214,POST_OFFICE,Dikkapitiya
80654,POST_OFFICE,Dikkumbura
22050,POST_OFFICE,Dikoya
81200,POST_OFFICE,Dikwella
51031,POST_OFFICE,Dimbulagala
90324,POST_OFFICE,Dimbulana
51003,POST_OFFICE,Divulana
51428,POST_OFFICE,Divulankadawala
90726,POST_OFFICE,Divulapelessa
11250,POST_OFFICE,Divulapitiya
51104,POST_OFFICE,Divuldamana
11208,POST_OFFICE,Divuldeniya
60472,POST_OFFICE,Divullegoda
12308,POST_OFFICE,Diwalakada
51225,POST_OFFICE,Diyabeduma
81038,POST_OFFICE,Diyagaha
91514,POST_OFFICE,Diyakobala
81422,POST_OFFICE,Diyalape
51504,POST_OFFICE,Diyasenpura
90150,POST_OFFICE,Diyatalawa
70017,POST_OFFICE,Dodampe
80250,POST_OFFICE,Dodanduwa
60530,POST_OFFICE,Dodangaslanda
12020,POST_OFFICE,Dodangoda
20126,POST_OFFICE,Dolapihilla
20510,POST_OFFICE,Dolosbage
70404,POST_OFFICE,Doloswalakanda
20532,POST_OFFICE,Doluwa
91010,POST_OFFICE,Dombagahawela
12416,POST_OFFICE,Dombagoda
71115,POST_OFFICE,Dombemada
11680,POST_OFFICE,Dompe
90104,POST_OFFICE,Doolgolla
22567,POST_OFFICE,Doragala
20816,POST_OFFICE,Doragamuwa
32104,POST_OFFICE,Dorakumbura
60013,POST_OFFICE,Doratiyawa
71601,POST_OFFICE,Dorawaka
21054,POST_OFFICE,Dullewa
70495,POST_OFFICE,Dumbara Manana
60260,POST_OFFICE,Dummalasuriya
11264,POST_OFFICE,Dunagaha
61192,POST_OFFICE,Dunkannawa
21046,POST_OFFICE,Dunkolawatte
22002,POST_OFFICE,Dunukedeniya
50214,POST_OFFICE,Dunumadalawa
71605,POST_OFFICE,Dunumala
20824,POST_OFFICE,Dunuwila
21538,POST_OFFICE,Dunuwilapitiya
50393,POST_OFFICE,Dutuwewa
90013,POST_OFFICE,Egodawela
70600,POST_OFFICE,Eheliyagoda
60716,POST_OFFICE,Ehetuwewa
11380,POST_OFFICE,Ekala
91254,POST_OFFICE,Ekamuthugama
20732,POST_OFFICE,Ekiriya
91502,POST_OFFICE,Ekiriyankumbura
60165,POST_OFFICE,Elabadagama
51258,POST_OFFICE,Elahera
22742,POST_OFFICE,Elamulla
70032,POST_OFFICE,Elapatha
50014,POST_OFFICE,Elayapattuwa
60156,POST_OFFICE,Elibichchiya
21012,POST_OFFICE,Elkaduwa
90090,POST_OFFICE,Ella
80402,POST_OFFICE,Ella Tanabaddegama
82619,POST_OFFICE,Ellagala
70492,POST_OFFICE,Ellagawa
11116,POST_OFFICE,Ellakkala
70552,POST_OFFICE,Ellaulla
70606,POST_OFFICE,Ellawala
51034,POST_OFFICE,Ellewewa
40275,POST_OFFICE,Elluvaithivu
80400,POST_OFFICE,Elpitiya
42580,POST_OFFICE,Eluthumadduval
61308,POST_OFFICE,Eluwankulama
70200,POST_OFFICE,Embilipitiya
60718,POST_OFFICE,Embogama
50265,POST_OFFICE,Endagala
70156,POST_OFFICE,Endana
50260,POST_OFFICE,Eppawala
70506,POST_OFFICE,Eratna
30300,POST_OFFICE,Eravur
21108,POST_OFFICE,Erawula Junction
70602,POST_OFFICE,Erepola
40080,POST_OFFICE,Erlalai
41200,POST_OFFICE,Erukkalampiddy
11108,POST_OFFICE,Essella
21402,POST_OFFICE,Etanwala
50584,POST_OFFICE,Etawatunuwewa
50518,POST_OFFICE,Etaweeragollewa
91250,POST_OFFICE,Ethiliwewa
91020,POST_OFFICE,Ethimalewewa
80458,POST_OFFICE,Ethkandura
80112,POST_OFFICE,Ethumale
61141,POST_OFFICE,Etiyawala
61343,POST_OFFICE,Ettale
90140,POST_OFFICE,Ettampitiya
20202,POST_OFFICE,Etulgama
60266,POST_OFFICE,Etungahakotuwa
91008,POST_OFFICE,Galabedda
20664,POST_OFFICE,Galaboda
20915,POST_OFFICE,Galabodawatta
50210,POST_OFFICE,Galadivulwewa
20100,POST_OFFICE,Galagedara
20420,POST_OFFICE,Galaha
51416,POST_OFFICE,Galamuna
32066,POST_OFFICE,Galapitagala
71603,POST_OFFICE,Galapitamada
71505,POST_OFFICE,Galatara
90065,POST_OFFICE,Galauda
90206,POST_OFFICE,Galedanda
50390,POST_OFFICE,Galenbindunuwewa
21200,POST_OFFICE,Galewela
60700,POST_OFFICE,Galgamuwa
20152,POST_OFFICE,Galhinna
71350,POST_OFFICE,Galigamuwa Town
50006,POST_OFFICE,Galkadawala
50120,POST_OFFICE,Galkiriyagama
50064,POST_OFFICE,Galkulama
80000,POST_OFFICE,Galle
70062,POST_OFFICE,Gallella
20095,POST_OFFICE,Gallellagama
60712,POST_OFFICE,Gallewa
31318,POST_OFFICE,Galmetiyawa
61233,POST_OFFICE,Galmuruwa
50170,POST_OFFICE,Galnewa
51375,POST_OFFICE,Galoya Junction
12005,POST_OFFICE,Galpatha
71312,POST_OFFICE,Galpatha
90752,POST_OFFICE,Galporuyaya
12016,POST_OFFICE,Gamagoda
50057,POST_OFFICE,Gambirigaswewa
90512,POST_OFFICE,Gamewela
21068,POST_OFFICE,Gammaduwa
11000,POST_OFFICE,Gampaha
20500,POST_OFFICE,Gampola
81170,POST_OFFICE,Gandara
80440,POST_OFFICE,Ganegoda
11020,POST_OFFICE,Ganemulla
50142,POST_OFFICE,Ganewalpola
21404,POST_OFFICE,Gangala Puwakpitiya
70195,POST_OFFICE,Gangeyaya
82506,POST_OFFICE,Gangulandeniya
20735,POST_OFFICE,Gannewa Udagama
71222,POST_OFFICE,Gantuna
70026,POST_OFFICE,Gawaragiriya
70097,POST_OFFICE,Gawaranhena
90082,POST_OFFICE,Gawarawela
20620,POST_OFFICE,Gelioya
50224,POST_OFFICE,Gemunupura
70620,POST_OFFICE,Getahetta
50392,POST_OFFICE,Getalawa
82420,POST_OFFICE,Getamanna
70002,POST_OFFICE,Gillimale
22680,POST_OFFICE,Ginigathhena
80220,POST_OFFICE,Ginimellagaha
80280,POST_OFFICE,Gintota
90750,POST_OFFICE,Girandurukotte
60752,POST_OFFICE,Girathalana
51026,POST_OFFICE,Giritale
60140,POST_OFFICE,Giriulla
50036,POST_OFFICE,Gnanikulam
82104,POST_OFFICE,Goda Koggalla
70556,POST_OFFICE,Godagampola
80302,POST_OFFICE,Godahena
70160,POST_OFFICE,Godakawela
20214,POST_OFFICE,Godamunna
81408,POST_OFFICE,Godapitiya
90067,POST_OFFICE,Godunna
60522,POST_OFFICE,Gokarella
20184,POST_OFFICE,Gomagoda
31026,POST_OFFICE,Gomarankadawala
81073,POST_OFFICE,Gombaddala
81072,POST_OFFICE,Gomila Mawarala
71318,POST_OFFICE,Gonagala
80502,POST_OFFICE,Gonagalapura
60005,POST_OFFICE,Gonagama
82602,POST_OFFICE,Gonagamuwa Uduwila
91107,POST_OFFICE,Gonaganara
20712,POST_OFFICE,Gonagantenna
32064,POST_OFFICE,Gonagolla
50554,POST_OFFICE,Gonahaddenawa
22226,POST_OFFICE,Gonakele
80054,POST_OFFICE,Gonamulla Junction
80230,POST_OFFICE,Gonapinuwala
12410,POST_OFFICE,Gonapola Junction
11630,POST_OFFICE,Gonawala
20656,POST_OFFICE,Gonawalapatana
60170,POST_OFFICE,Gonawila
11315,POST_OFFICE,Gongitota
82006,POST_OFFICE,Gonnoruwa
12310,POST_OFFICE,Govinna
20270,POST_OFFICE,Gunnepana
70136,POST_OFFICE,Gurubewilagama
20189,POST_OFFICE,Gurudeniya
12236,POST_OFFICE,Gurulubedda
90208,POST_OFFICE,Gurutalawa
80630,POST_OFFICE,Habaraduwa
10204,POST_OFFICE,Habarakada
50150,POST_OFFICE,Habarana
80506,POST_OFFICE,Haburugala
22208,POST_OFFICE,Haggala
71715,POST_OFFICE,Hakabellawaka
71352,POST_OFFICE,Hakahinna
81300,POST_OFFICE,Hakmana
82248,POST_OFFICE,Hakuruwela
61135,POST_OFFICE,Haldanduwana
90180,POST_OFFICE,Haldummulla
22240,POST_OFFICE,Halgranoya
90060,POST_OFFICE,Hali Ela
12055,POST_OFFICE,Halkandawila
50552,POST_OFFICE,Halmillawetiya
60441,POST_OFFICE,Halmillawewa
50124,POST_OFFICE,Halmillewa Dambulla
20032,POST_OFFICE,Haloluwa
20515,POST_OFFICE,Haloya
70145,POST_OFFICE,Halpe
12538,POST_OFFICE,Haltota
80146,POST_OFFICE,Halvitigala Colony
12118,POST_OFFICE,Halwala
12306,POST_OFFICE,Halwatura
70171,POST_OFFICE,Halwinna
82000,POST_OFFICE,Hambantota
91308,POST_OFFICE,Hambegamuwa
20984,POST_OFFICE,Handaganawa
70106,POST_OFFICE,Handagiriya
10524,POST_OFFICE,Handapangoda
20438,POST_OFFICE,Handawalapitiya
20480,POST_OFFICE,Handessa
81326,POST_OFFICE,Handugala
21536,POST_OFFICE,Handungamuwa
22044,POST_OFFICE,Hangarapitiya
90224,POST_OFFICE,Hangunnawa
20710,POST_OFFICE,Hanguranketha
51098,POST_OFFICE,Hansayapalama
10650,POST_OFFICE,Hanwella
22668,POST_OFFICE,Hapugastalawa
70164,POST_OFFICE,Hapugastenna
90160,POST_OFFICE,Haputale
22669,POST_OFFICE,Harangalagama
20092,POST_OFFICE,Harankahawa
22262,POST_OFFICE,Harasbedda
20960,POST_OFFICE,Hasalaka
70105,POST_OFFICE,Hatangala
70108,POST_OFFICE,Hatarabage
20060,POST_OFFICE,Hataraliyadda
82013,POST_OFFICE,Hathporuwa
22000,POST_OFFICE,Hatton
21514,POST_OFFICE,Hattota Amuna
00500,POST_OFFICE,Havelock Town
80132,POST_OFFICE,Hawpe
90724,POST_OFFICE,Hebarawa
22683,POST_OFFICE,Hebbekanda
12234,POST_OFFICE,Hedigalla Colony
22024,POST_OFFICE,Hedunuwewa
90112,POST_OFFICE,Heeloya
11618,POST_OFFICE,Heiyanthuduwa
90122,POST_OFFICE,Helahalpe
71046,POST_OFFICE,Helamada
90094,POST_OFFICE,Helapupula
71530,POST_OFFICE,Hemmatagama
11307,POST_OFFICE,Hendala
11715,POST_OFFICE,Henegama
60414,POST_OFFICE,Hengamuwa
70058,POST_OFFICE,Hettikanda
71210,POST_OFFICE,Hettimulla
60430,POST_OFFICE,Hettipola
71108,POST_OFFICE,Hewadiwela
20440,POST_OFFICE,Hewaheta
10714,POST_OFFICE,Hewainna
90358,POST_OFFICE,Hewanakumbura
90607,POST_OFFICE,Hewanwatta
70012,POST_OFFICE,Hidellana
50044,POST_OFFICE,Hidogama
80240,POST_OFFICE,Hikkaduwa
60486,POST_OFFICE,Hilogama
11568,POST_OFFICE,Hinatiyana Madawala
20414,POST_OFFICE,Hindagala
60034,POST_OFFICE,Hindagolla
71520,POST_OFFICE,Hingula
51408,POST_OFFICE,Hingurakdamana
51400,POST_OFFICE,Hingurakgoda
71417,POST_OFFICE,Hinguralakanda
32010,POST_OFFICE,Hingurana
90508,POST_OFFICE,Hingurukaduwa
80080,POST_OFFICE,Hiniduma
70296,POST_OFFICE,Hiramadagama
10232,POST_OFFICE,Hiripitiya
71014,POST_OFFICE,Hiriwadunna
60591,POST_OFFICE,Hiriyala Ambagaswewa
60546,POST_OFFICE,Hiriyala Lenawa
60458,POST_OFFICE,Hiruwalpola
11734,POST_OFFICE,Hiswella
22046,POST_OFFICE,Hitigegama
80056,POST_OFFICE,Hiyare
10118,POST_OFFICE,Hokandara
10200,POST_OFFICE,Homagama
20524,POST_OFFICE,Hondiyadeniya
90524,POST_OFFICE,Hopton
90163,POST_OFFICE,Horadorowwa
10502,POST_OFFICE,Horagala
11564,POST_OFFICE,Horampella
12400,POST_OFFICE,Horana
81108,POST_OFFICE,Horapawita
50350,POST_OFFICE,Horawpatana
82456,POST_OFFICE,Horewelagoda
50222,POST_OFFICE,Horiwila
60181,POST_OFFICE,Horombawa
91004,POST_OFFICE,Hulandawa
32514,POST_OFFICE,Hulannuge
60474,POST_OFFICE,Hulogedara
60477,POST_OFFICE,Hulugalla
82120,POST_OFFICE,Hungama
20948,POST_OFFICE,Hunnasgiriya
11262,POST_OFFICE,Hunumulla
11311,POST_OFFICE,Hunupitiya
60582,POST_OFFICE,Hunupola
50176,POST_OFFICE,Hurigaswewa
50394,POST_OFFICE,Hurulunikawewa
60500,POST_OFFICE,Ibbagamuwa
31236,POST_OFFICE,Ichchilampattai
90167,POST_OFFICE,Idalgashinna
82412,POST_OFFICE,Ihala Beligalla
60211,POST_OFFICE,Ihala Gomugomuwa
70039,POST_OFFICE,Ihala hakamuwa
50262,POST_OFFICE,Ihala Halmillewa
80432,POST_OFFICE,Ihala Hewessa
60238,POST_OFFICE,Ihala Kadigamuwa
60135,POST_OFFICE,Ihala Katugampala
20042,POST_OFFICE,Ihala Kobbekaduwa
61154,POST_OFFICE,Ihala Kottaramulla
11265,POST_OFFICE,Ihala Madampella
61316,POST_OFFICE,Ihala Puliyankulama
11034,POST_OFFICE,Ihala Uggalboda
80134,POST_OFFICE,Ihala Walpola
70144,POST_OFFICE,Ihalagalagama
50304,POST_OFFICE,Ihalagama
40108,POST_OFFICE,Ilavalai
61018,POST_OFFICE,Ilippadeniya
20724,POST_OFFICE,Illagolla
21406,POST_OFFICE,Illukkumbura
60232,POST_OFFICE,Ilukhena
41175,POST_OFFICE,Iluppaikadavai
80130,POST_OFFICE,Imaduwa
71313,POST_OFFICE,Imbulana
71055,POST_OFFICE,Imbulgasdeniya
11856,POST_OFFICE,Imbulgoda
21064,POST_OFFICE,Imbulgolla
70134,POST_OFFICE,Imbulpe
21124,POST_OFFICE,Inamaluwa
60016,POST_OFFICE,Indulgodakanda
80510,POST_OFFICE,Induruwa
61514,POST_OFFICE,Inginimitiya
32040,POST_OFFICE,Inginiyagala
12440,POST_OFFICE,Ingiriya
60064,POST_OFFICE,Inguruwatta
40095,POST_OFFICE,Inuvil
50280,POST_OFFICE,Ipologama
32450,POST_OFFICE,Irakkamam
43095,POST_OFFICE,Iranaiiluppaikulam
42630,POST_OFFICE,Iranaitivu
60045,POST_OFFICE,Iriyagolla
61302,POST_OFFICE,Ismailpuram
60025,POST_OFFICE,Ithanawatta
82462,POST_OFFICE,Ittademaliya
70342,POST_OFFICE,Ittekanda
12116,POST_OFFICE,Ittepana
42556,POST_OFFICE,Iyakachchi
11350,POST_OFFICE,Ja-Ela
40000,POST_OFFICE,Jaffna
20822,POST_OFFICE,Jambugahapitiya
90063,POST_OFFICE,Jangulla
51024,POST_OFFICE,Jayanthipura
51246,POST_OFFICE,Jayasiripura
82252,POST_OFFICE,Julampitiya
71202,POST_OFFICE,Kabagamuwa
11850,POST_OFFICE,Kadawatha
31212,POST_OFFICE,Kaddaiparichchan
60492,POST_OFFICE,Kadigawa
20300,POST_OFFICE,Kadugannawa
10640,POST_OFFICE,Kaduwela
50282,POST_OFFICE,Kagama
80460,POST_OFFICE,Kahaduwa
82126,POST_OFFICE,Kahandamodara
70016,POST_OFFICE,Kahangama
60062,POST_OFFICE,Kahapathwala
50320,POST_OFFICE,Kahatagasdigiliya
50562,POST_OFFICE,Kahatagollewa
20924,POST_OFFICE,Kahataliyadda
90052,POST_OFFICE,Kahataruppa
11144,POST_OFFICE,Kahatowita
80312,POST_OFFICE,Kahawa
10508,POST_OFFICE,Kahawala
70150,POST_OFFICE,Kahawatta
21066,POST_OFFICE,Kaikawala
40400,POST_OFFICE,Kaitadi
61236,POST_OFFICE,Kakkapalliya
61534,POST_OFFICE,Kaladiya
22282,POST_OFFICE,Kalaganwatta
11875,POST_OFFICE,Kalagedihena
50288,POST_OFFICE,Kalakarambewa
50174,POST_OFFICE,Kalankuttiya
50226,POST_OFFICE,Kalaoya
10718,POST_OFFICE,Kalatuwawa
70450,POST_OFFICE,Kalawana
50556,POST_OFFICE,Kalawedi Ulpotha
22688,POST_OFFICE,Kalaweldeniya
12078,POST_OFFICE,Kalawila Kiranthidiya
11160,POST_OFFICE,Kaleliya
51002,POST_OFFICE,Kalingaela
30410,POST_OFFICE,Kalkudah
50454,POST_OFFICE,Kallanchiya
30250,POST_OFFICE,Kallar
32300,POST_OFFICE,Kalmunai
61360,POST_OFFICE,Kalpitiya
70122,POST_OFFICE,Kaltota
11224,POST_OFFICE,Kaluaggala
81478,POST_OFFICE,Kalubowitiyana
90352,POST_OFFICE,Kalubululanda
90546,POST_OFFICE,Kalugahakandura
20926,POST_OFFICE,Kalugala
60096,POST_OFFICE,Kalugamuwa
51037,POST_OFFICE,Kalukele Bandanagala
21112,POST_OFFICE,Kalundewa
90186,POST_OFFICE,Kalupahana
12000,POST_OFFICE,Kalutara
30197,POST_OFFICE,Kaluthavalai
30200,POST_OFFICE,Kaluwanchikudi
30372,POST_OFFICE,Kaluwankerny
81750,POST_OFFICE,Kamburugamuwa
81100,POST_OFFICE,Kamburupitiya
60054,POST_OFFICE,Kanadeniyawala
43072,POST_OFFICE,Kanagarayankulam
61273,POST_OFFICE,Kanamule
80136,POST_OFFICE,Kananke Bazaar
12418,POST_OFFICE,Kananwila
60422,POST_OFFICE,Kanattewewa
90020,POST_OFFICE,Kandaketiya
61358,POST_OFFICE,Kandakuliya
21106,POST_OFFICE,Kandalama
11320,POST_OFFICE,Kandana
12428,POST_OFFICE,Kandanagama
22220,POST_OFFICE,Kandapola
91403,POST_OFFICE,Kandasurindugama
91032,POST_OFFICE,Kandaudapanguwa
42508,POST_OFFICE,Kandavalai
90070,POST_OFFICE,Kandegedara
90356,POST_OFFICE,Kandepuhulpola
20000,POST_OFFICE,Kandy KY)
40190,POST_OFFICE,Kankasanthurai
32405,POST_OFFICE,Kannagipuram
30016,POST_OFFICE,Kannankudah
71372,POST_OFFICE,Kannattota KE)
31032,POST_OFFICE,Kanniya
31300,POST_OFFICE,Kantale
31306,POST_OFFICE,Kantale Sugar Factory
31055,POST_OFFICE,Kapalthurai
10662,POST_OFFICE,Kapugoda
50370,POST_OFFICE,Kapugollewa
20206,POST_OFFICE,Kapuliyadda
30354,POST_OFFICE,Karadiyanaru
60106,POST_OFFICE,Karagahagedara
21014,POST_OFFICE,Karagahahinna
50232,POST_OFFICE,Karagahawewa
80151,POST_OFFICE,Karagoda
81082,POST_OFFICE,Karagoda Uyangoda
40250,POST_OFFICE,Karainagar
60602,POST_OFFICE,Karambe
91077,POST_OFFICE,Karandagama
20738,POST_OFFICE,Karandagolla
70488,POST_OFFICE,Karandana
80360,POST_OFFICE,Karandeniya
70018,POST_OFFICE,Karangoda
81106,POST_OFFICE,Karaputugala
32250,POST_OFFICE,Karativu
81308,POST_OFFICE,Karatota
40520,POST_OFFICE,Karaveddi
91079,POST_OFFICE,Karawila Pallegama
61022,POST_OFFICE,Karawitagara
42303,POST_OFFICE,Karipaddamurippu
82274,POST_OFFICE,Kariyamaditta
61314,POST_OFFICE,Karuwalagaswewa
51032,POST_OFFICE,Kashyapapura
11534,POST_OFFICE,Katana
91400,POST_OFFICE,Kataragama
30456,POST_OFFICE,Kathiraveli
50261,POST_OFFICE,Katiyawa
30100,POST_OFFICE,Kattankudi
21016,POST_OFFICE,Katudeniya
20800,POST_OFFICE,Katugastota
22588,POST_OFFICE,Katukitula
11450,POST_OFFICE,Katunayake
11420,POST_OFFICE,Katunayake IPZ
11440,POST_OFFICE,Katunayake Air Force Camp
61180,POST_OFFICE,Katuneriya
60350,POST_OFFICE,Katupota
82500,POST_OFFICE,Katuwana
11526,POST_OFFICE,Katuwellegama
42608,POST_OFFICE,Kautharimunai
21072,POST_OFFICE,Kavudupelella
82622,POST_OFFICE,Kawantissapura
51414,POST_OFFICE,Kawudulla
51514,POST_OFFICE,Kawuduluwewa Stage II
40270,POST_OFFICE,Kayts
90102,POST_OFFICE,Kebillawela
50550,POST_OFFICE,Kebithigollewa
22274,POST_OFFICE,Keerthi Bandarapura
71000,POST_OFFICE,Kegalle
71533,POST_OFFICE,Kehelpannala
12550,POST_OFFICE,Kehelwatta
81020,POST_OFFICE,Kekanadura
50100,POST_OFFICE,Kekirawa
32074,POST_OFFICE,Kekirihena
51168,POST_OFFICE,Kekuluwela
60183,POST_OFFICE,Kekunagolla
22684,POST_OFFICE,Kelanigama
11600,POST_OFFICE,Kelaniya
12218,POST_OFFICE,Kelinkanda
70352,POST_OFFICE,Kella Junction
90048,POST_OFFICE,Kendagolla
91552,POST_OFFICE,Kendawinna
50452,POST_OFFICE,Kendewa
90350,POST_OFFICE,Keppetipola
60288,POST_OFFICE,Keppitiwalana
90738,POST_OFFICE,Keselpotha
22660,POST_OFFICE,Ketaboola
20306,POST_OFFICE,Ketakumbura
20198,POST_OFFICE,Ketawala Leula
90016,POST_OFFICE,Ketawatta
42400,POST_OFFICE,Kilinochchi
31220,POST_OFFICE,Kiliveddy
21122,POST_OFFICE,Kimbissa
11522,POST_OFFICE,Kimbulapitiya
60548,POST_OFFICE,Kimbulwanaoya
31100,POST_OFFICE,Kinniya
50259,POST_OFFICE,Kiralogama
82550,POST_OFFICE,Kirama
30394,POST_OFFICE,Kiran
30159,POST_OFFICE,Kirankulam
90184,POST_OFFICE,Kirawanagama
11601,POST_OFFICE,Kiribathgoda
20442,POST_OFFICE,Kiribathkumbura
70480,POST_OFFICE,Kiriella
50511,POST_OFFICE,Kirigalwewa
91252,POST_OFFICE,Kiriibbanwewa
70102,POST_OFFICE,Kirimatitenna
60157,POST_OFFICE,Kirimetiyana
60184,POST_OFFICE,Kirimetiyawa
61362,POST_OFFICE,Kirimundalama
82614,POST_OFFICE,Kirinda
60212,POST_OFFICE,Kirindawa
60502,POST_OFFICE,Kirindigalla
11730,POST_OFFICE,Kirindiwela
10208,POST_OFFICE,Kiriwattuduwa
81514,POST_OFFICE,Kiriweldola
81456,POST_OFFICE,Kiriwelkele
11206,POST_OFFICE,Kitalawalana
60188,POST_OFFICE,Kithalawa
71720,POST_OFFICE,Kitulgala
12222,POST_OFFICE,Kitulgoda
50132,POST_OFFICE,Kitulhitiyawa
11242,POST_OFFICE,Kitulwala
21042,POST_OFFICE,Kiwula
60410,POST_OFFICE,Kobeigane
20928,POST_OFFICE,Kobonilla
11540,POST_OFFICE,Kochchikade
30249,POST_OFFICE,Koddaikallar
40700,POST_OFFICE,Kodikamam
60028,POST_OFFICE,Kohilegedara
12007,POST_OFFICE,Koholana
90006,POST_OFFICE,Kohowilakandura
30160,POST_OFFICE,Kokkaddichcholai
42020,POST_OFFICE,Kokkilai
42010,POST_OFFICE,Kokkuthoduvai
40060,POST_OFFICE,Kokkuvil
32035,POST_OFFICE,Koknahara
20212,POST_OFFICE,Kolabissa
32102,POST_OFFICE,Kolamanthalawa
70180,POST_OFFICE,Kolambageara
81522,POST_OFFICE,Kolawenigama
70403,POST_OFFICE,Kolombugama
20971,POST_OFFICE,Kolongoda
70350,POST_OFFICE,Kolonna
10600,POST_OFFICE,Kolonnawa
32418,POST_OFFICE,Komari
42420,POST_OFFICE,Konavil
40062,POST_OFFICE,Kondavil
71501,POST_OFFICE,Kondeniya
21500,POST_OFFICE,Kongahawela
60630,POST_OFFICE,Konwewa
40170,POST_OFFICE,Kopay
32417,POST_OFFICE,Koralkalapu
11044,POST_OFFICE,Korase
60356,POST_OFFICE,Kosdeniya
10730,POST_OFFICE,Kosgama
80570,POST_OFFICE,Kosgoda
60029,POST_OFFICE,Kosgolla
90190,POST_OFFICE,Koslanda
61158,POST_OFFICE,Koswatte
91559,POST_OFFICE,Kotabowa
11232,POST_OFFICE,Kotadeniyawa
22080,POST_OFFICE,Kotagala
91512,POST_OFFICE,Kotagama
01300,POST_OFFICE,Kotahena
90506,POST_OFFICE,Kotamuduna
81480,POST_OFFICE,Kotapola
60483,POST_OFFICE,Kotawehera
91312,POST_OFFICE,Kotawehera Mankada
71106,POST_OFFICE,Kotawella
91024,POST_OFFICE,Kotiyagala
71370,POST_OFFICE,Kotiyakumbura
22560,POST_OFFICE,Kotmale
61252,POST_OFFICE,Kottantivu
51244,POST_OFFICE,Kottapitiya
10220,POST_OFFICE,Kottawa
80062,POST_OFFICE,Kottawagama
81180,POST_OFFICE,Kottegoda
22042,POST_OFFICE,Kottellena
61532,POST_OFFICE,Kottukachchiya
11390,POST_OFFICE,Kotugoda
31014,POST_OFFICE,Kuchchaveli
12426,POST_OFFICE,Kuda Uduwa
60003,POST_OFFICE,Kudagalgamuwa
60754,POST_OFFICE,Kudakathnoruwa
40620,POST_OFFICE,Kudathanai
70005,POST_OFFICE,Kudawa
61226,POST_OFFICE,Kudawewa
91103,POST_OFFICE,Kukurampola
80328,POST_OFFICE,Kuleegoda
60200,POST_OFFICE,Kuliyapitiya
20048,POST_OFFICE,Kulugammana
51412,POST_OFFICE,Kumaragama
61032,POST_OFFICE,Kumarakattuwa
22272,POST_OFFICE,Kumbalgamuwa
11105,POST_OFFICE,Kumbaloluwa
22121,POST_OFFICE,Kumbaloluwegama
60508,POST_OFFICE,Kumbukgeta
61318,POST_OFFICE,Kumbukkalla
91098,POST_OFFICE,Kumbukkana
20902,POST_OFFICE,Kumbukkandura
22246,POST_OFFICE,Kumbukwela
60506,POST_OFFICE,Kumbukwewa
20086,POST_OFFICE,Kumburegama
31012,POST_OFFICE,Kumburupiddy
20168,POST_OFFICE,Kundasale
60438,POST_OFFICE,Kuratihena
31112,POST_OFFICE,Kurinchakerny
61356,POST_OFFICE,Kurinjanpitiya
61516,POST_OFFICE,Kuruketiyawa
30192,POST_OFFICE,Kurukkalmadam
50062,POST_OFFICE,Kurundankulama
80395,POST_OFFICE,Kurundugaha Hethekma
20514,POST_OFFICE,Kurunduwatta Bazaar
60000,POST_OFFICE,Kurunegala
22252,POST_OFFICE,Kurupanawela
70500,POST_OFFICE,Kuruwita
90728,POST_OFFICE,Kuruwitenna
90046,POST_OFFICE,Kuttiyagolla
60162,POST_OFFICE,Labbala
22592,POST_OFFICE,Labukele
50088,POST_OFFICE,Labunoruwa
21520,POST_OFFICE,Laggala Pallegama
32512,POST_OFFICE,Lahugala
22034,POST_OFFICE,Lakshapana
51006,POST_OFFICE,Lakshauyana
90068,POST_OFFICE,Landewela
81526,POST_OFFICE,Lankagama
31234,POST_OFFICE,Lankapatuna
20482,POST_OFFICE,Leemagahakotuwa
21008,POST_OFFICE,Leliambe
70056,POST_OFFICE,Lellopitiya
21094,POST_OFFICE,Lenadora
71315,POST_OFFICE,Lewangama
61138,POST_OFFICE,Lihiriyagama
22090,POST_OFFICE,Lindula
90106,POST_OFFICE,Liyanagahawela
60108,POST_OFFICE,Lokahettiya
11204,POST_OFFICE,Loluwagoda
82108,POST_OFFICE,Lunama
90530,POST_OFFICE,Lunugala
11062,POST_OFFICE,Lunugama
82634,POST_OFFICE,Lunugamwehera
20172,POST_OFFICE,Lunuketiya Maditta
90310,POST_OFFICE,Lunuwatte
61150,POST_OFFICE,Lunuwila
11114,POST_OFFICE,Mabodale
11305,POST_OFFICE,Mabola
60552,POST_OFFICE,Madahapola
60209,POST_OFFICE,Madakumburumulla
70158,POST_OFFICE,Madalagama
61230,POST_OFFICE,Madampe
10306,POST_OFFICE,Madapatha
50130,POST_OFFICE,Madatugama
20260,POST_OFFICE,Madawala Bazaar
21074,POST_OFFICE,Madawala Ulpotha
32016,POST_OFFICE,Madawalalanda
11033,POST_OFFICE,Madelgamuwa
21156,POST_OFFICE,Madipola
90535,POST_OFFICE,Madolsima
41010,POST_OFFICE,Madu Church
41020,POST_OFFICE,Madu Road
20938,POST_OFFICE,Madugalla
90517,POST_OFFICE,Madugastalawa
91071,POST_OFFICE,Madukotanarawa
20840,POST_OFFICE,Madulkele
22256,POST_OFFICE,Madulla
60532,POST_OFFICE,Maduragoda
61270,POST_OFFICE,Madurankuliya
51108,POST_OFFICE,Maduruoya
60512,POST_OFFICE,Maeliya
82608,POST_OFFICE,Magama
80152,POST_OFFICE,Magedara
12060,POST_OFFICE,Maggona
60221,POST_OFFICE,Magulagama
20237,POST_OFFICE,Maha Alapalawala
51518,POST_OFFICE,Maha Ambagaswewa
50126,POST_OFFICE,Maha Elagamuwa
71722,POST_OFFICE,Mahabage
50196,POST_OFFICE,Mahabulankulama
31036,POST_OFFICE,Mahadivulwewa
20945,POST_OFFICE,Mahadoraliyadda
60731,POST_OFFICE,Mahagalkadawala
82016,POST_OFFICE,Mahagalwewa
12210,POST_OFFICE,Mahagama
91256,POST_OFFICE,Mahagama Colony
60479,POST_OFFICE,Mahagirilla
50270,POST_OFFICE,Mahailluppallama
43080,POST_OFFICE,Mahakachchakodiya
91027,POST_OFFICE,Mahakalugolla
12126,POST_OFFICE,Mahakalupahana
50306,POST_OFFICE,Mahakanadarawa
60346,POST_OFFICE,Mahakeliya
61272,POST_OFFICE,Mahakumbukkadawala
20216,POST_OFFICE,Mahamedagama
60516,POST_OFFICE,Mahamukalanyaya
20547,POST_OFFICE,Mahamulgama
32018,POST_OFFICE,Mahanagapura
60724,POST_OFFICE,Mahananneriya
32070,POST_OFFICE,Mahaoya
71063,POST_OFFICE,Mahapallegama
70334,POST_OFFICE,Mahapannila
50327,POST_OFFICE,Mahapothana
11851,POST_OFFICE,Mahara
60286,POST_OFFICE,Maharachchimulla
10280,POST_OFFICE,Maharagama
71211,POST_OFFICE,Maharangalla
31106,POST_OFFICE,Maharugiramam
50574,POST_OFFICE,Mahasenpura
51506,POST_OFFICE,Mahatalakolawewa
20551,POST_OFFICE,Mahaudagama
61512,POST_OFFICE,Mahauswewa
70112,POST_OFFICE,Mahawalatenna
21140,POST_OFFICE,Mahawela
51076,POST_OFFICE,Mahaweli Sinhapura
61220,POST_OFFICE,Mahawewa
50022,POST_OFFICE,Mahawilachchiya
90700,POST_OFFICE,Mahiyanganaya
60600,POST_OFFICE,Maho
50384,POST_OFFICE,Mailagaswewa
20702,POST_OFFICE,Mailapitiya
80243,POST_OFFICE,Majuwana Keradewala
10305,POST_OFFICE,Makandana
81070,POST_OFFICE,Makandura
70298,POST_OFFICE,Makandura
71507,POST_OFFICE,Makehelwala
11358,POST_OFFICE,Makewita
20828,POST_OFFICE,Makkanigama
11640,POST_OFFICE,Makola
20921,POST_OFFICE,Makuldeniya
90114,POST_OFFICE,Makulella
60714,POST_OFFICE,Makulewa
60514,POST_OFFICE,Makulpotha
60578,POST_OFFICE,Makulwewa
60404,POST_OFFICE,Malagane
71704,POST_OFFICE,Malalpola
10115,POST_OFFICE,Malambe
22021,POST_OFFICE,Maldeniya
80144,POST_OFFICE,Malgalla Talangalla
90754,POST_OFFICE,Malgoda
71411,POST_OFFICE,Maliboda
81424,POST_OFFICE,Maliduwa
90138,POST_OFFICE,Malitta
90022,POST_OFFICE,Maliyadda
40142,POST_OFFICE,Mallakam
31224,POST_OFFICE,Mallikativu
71325,POST_OFFICE,Malmaduwa
70001,POST_OFFICE,Malwala Junction
11670,POST_OFFICE,Malwana
50236,POST_OFFICE,Malwanegama
32198,POST_OFFICE,Malwatta
82109,POST_OFFICE,Mamadala
43078,POST_OFFICE,Mamaduwa
61341,POST_OFFICE,Mampuri
51090,POST_OFFICE,Manampitiya
21144,POST_OFFICE,Mananwatta
60434,POST_OFFICE,Mandapola
22744,POST_OFFICE,Mandaram Nuwara
40045,POST_OFFICE,Mandativu
11061,POST_OFFICE,Mandawala
30220,POST_OFFICE,Mandur
50182,POST_OFFICE,Maneruwa
61266,POST_OFFICE,Mangalaeliya
32069,POST_OFFICE,Mangalagama
40200,POST_OFFICE,Manipay
10707,POST_OFFICE,Maniyangama
30442,POST_OFFICE,Mankerni
42300,POST_OFFICE,Mankulam
41000,POST_OFFICE,Mannar
21506,POST_OFFICE,Maoya
90730,POST_OFFICE,Mapakadawewa
20662,POST_OFFICE,Mapakanda
80114,POST_OFFICE,Mapalagama
80116,POST_OFFICE,Mapalagama Central
50080,POST_OFFICE,Maradankadawala
50308,POST_OFFICE,Maradankalla
43055,POST_OFFICE,Maraiyadithakulam
21554,POST_OFFICE,Maraka
81416,POST_OFFICE,Maramba
11260,POST_OFFICE,Marandagahamula
70041,POST_OFFICE,Marapana
20210,POST_OFFICE,Marassana
32314,POST_OFFICE,Marathamune
20113,POST_OFFICE,Marathugoda
91006,POST_OFFICE,Marawa
61210,POST_OFFICE,Marawila
91052,POST_OFFICE,Mariarawa
41055,POST_OFFICE,Marichchikaddi
20714,POST_OFFICE,Marymount Colony
22070,POST_OFFICE,Maskeliya
90328,POST_OFFICE,Maspanna
60344,POST_OFFICE,Maspotha
22566,POST_OFFICE,Maswela
21000,POST_OFFICE,Matale
81000,POST_OFFICE,Matara
40110,POST_OFFICE,Mathagal
80424,POST_OFFICE,Mattaka
10240,POST_OFFICE,Mattegoda
12100,POST_OFFICE,Matugama
22748,POST_OFFICE,Maturata
70482,POST_OFFICE,Matuwagalagama
90582,POST_OFFICE,Maussagolla
31238,POST_OFFICE,Mawadichchenai
32158,POST_OFFICE,Mawanagama
32163,POST_OFFICE,Mawanawela
71500,POST_OFFICE,Mawanella
60060,POST_OFFICE,Mawathagama
20564,POST_OFFICE,Mawatura
80092,POST_OFFICE,Meda Keembiya
70021,POST_OFFICE,Medagalatura
91550,POST_OFFICE,Medagama
20940,POST_OFFICE,Medamahanuwara
82254,POST_OFFICE,Medamulana
50500,POST_OFFICE,Medawachchiya
61509,POST_OFFICE,Medawakkulama
20120,POST_OFFICE,Medawala Harispattuwa
90218,POST_OFFICE,Medawela Udukinda
90518,POST_OFFICE,Medawelagama
70127,POST_OFFICE,Meddekanda
81524,POST_OFFICE,Mederipitiya
51500,POST_OFFICE,Medirigiriya
60612,POST_OFFICE,Mediyawa
90015,POST_OFFICE,Meegahakivula
12130,POST_OFFICE,Meegahatenna
60750,POST_OFFICE,Meegalewa
12094,POST_OFFICE,Meegama
51508,POST_OFFICE,Meegaswewa
10504,POST_OFFICE,Meegoda
50329,POST_OFFICE,Meeminnawala
40510,POST_OFFICE,Meesalai
60066,POST_OFFICE,Meetanwala
20512,POST_OFFICE,Meethalawa
80330,POST_OFFICE,Meetiyagoda
60484,POST_OFFICE,Meewellawa
20409,POST_OFFICE,Megoda Kalugamuwa
50334,POST_OFFICE,Megodawewa
11234,POST_OFFICE,Mellawagedara
21055,POST_OFFICE,Melpitiya
60540,POST_OFFICE,Melsiripura
20470,POST_OFFICE,Menikdiwela
20170,POST_OFFICE,Menikhinna
90540,POST_OFFICE,Metigahatenna
21062,POST_OFFICE,Metihakka
60304,POST_OFFICE,Metikumbura
60121,POST_OFFICE,Metiyagane
82270,POST_OFFICE,Middeniya
81312,POST_OFFICE,Miella
82014,POST_OFFICE,Migahajandura
71716,POST_OFFICE,Migastenna
50300,POST_OFFICE,Mihintale
12412,POST_OFFICE,Millaniya
21154,POST_OFFICE,Millawana
12422,POST_OFFICE,Millewa
20923,POST_OFFICE,Mimure
60004,POST_OFFICE,Minhettiya
20109,POST_OFFICE,Minigamuwa
20983,POST_OFFICE,Minipe
70494,POST_OFFICE,Minipura Dumbara
51410,POST_OFFICE,Minneriya
60406,POST_OFFICE,Minuwangete
11550,POST_OFFICE,Minuwangoda
22254,POST_OFFICE,Mipanawa
22214,POST_OFFICE,Mipilimana
90134,POST_OFFICE,Mirahawatta
30426,POST_OFFICE,Miravodai
11200,POST_OFFICE,Mirigama
60408,POST_OFFICE,Mirihanegama
82001,POST_OFFICE,Mirijjawila
81740,POST_OFFICE,Mirissa
60046,POST_OFFICE,Mirissala
80508,POST_OFFICE,Miriswatte
90504,POST_OFFICE,Miriyabedda
40750,POST_OFFICE,Mirusuvil
11742,POST_OFFICE,Mithirigala
70604,POST_OFFICE,Mitipola
12424,POST_OFFICE,Miwanapalana
90584,POST_OFFICE,Miyanakandura
71432,POST_OFFICE,Miyanawita
82416,POST_OFFICE,Modarawana
71016,POST_OFFICE,Molagoda
12216,POST_OFFICE,Molkawa
91000,POST_OFFICE,Monaragala
60495,POST_OFFICE,Monnekulama
32012,POST_OFFICE,Moragahapallama
81532,POST_OFFICE,Moragala Kirilipone
60354,POST_OFFICE,Moragane
60640,POST_OFFICE,Moragollagama
70129,POST_OFFICE,Morahela
22036,POST_OFFICE,Morahenagama
50349,POST_OFFICE,Morakewa
30392,POST_OFFICE,Morakottanchenai
12232,POST_OFFICE,Morapitiya
60038,POST_OFFICE,Morathiha
10400,POST_OFFICE,Moratuwa
81470,POST_OFFICE,Morawaka
91108,POST_OFFICE,Moratuwegama
71220,POST_OFFICE,Morontota
12564,POST_OFFICE,Morontuduwa
10370,POST_OFFICE,Mount .Lavinia
61506,POST_OFFICE,Mudalakkuliya
11112,POST_OFFICE,Muddaragama
11056,POST_OFFICE,Mudungoda
61014,POST_OFFICE,Mugunuwatawana
50324,POST_OFFICE,Mukiriyawa
61274,POST_OFFICE,Mukkutoduwawa
81071,POST_OFFICE,Mulatiyana Junction
70212,POST_OFFICE,Mulendiyawala
70117,POST_OFFICE,Mulgama
82242,POST_OFFICE,Mulkirigala
42000,POST_OFFICE,Mullaitivu
10202,POST_OFFICE,Mullegama
10620,POST_OFFICE,Mulleriyawa New Town
31312,POST_OFFICE,Mullipothana
42025,POST_OFFICE,Mullivaikkal
42570,POST_OFFICE,Mulliyan
42100,POST_OFFICE,Mulliyawalai
60218,POST_OFFICE,Munamaldeniya
61250,POST_OFFICE,Mundel
22752,POST_OFFICE,Munwatta
42505,POST_OFFICE,Murasumoddai
50344,POST_OFFICE,Muriyakadawala
41030,POST_OFFICE,Murunkan
20526,POST_OFFICE,Muruthagahamula
20232,POST_OFFICE,Muruthalawa
60122,POST_OFFICE,Muruthenge
42210,POST_OFFICE,Muthayankaddakulam
61195,POST_OFFICE,Muttibendivila
51064,POST_OFFICE,Mutugala
31200,POST_OFFICE,Mutur
21044,POST_OFFICE,Muwandeniya
60482,POST_OFFICE,Nabadewa
50046,POST_OFFICE,Nachchaduwa
42308,POST_OFFICE,Naddankandal
81092,POST_OFFICE,Nadugala
40630,POST_OFFICE,Nagarkovil
80110,POST_OFFICE,Nagoda
60590,POST_OFFICE,Nagollagama
60226,POST_OFFICE,Nagollagoda
61120,POST_OFFICE,Nainamadama
40360,POST_OFFICE,Nainativu
80064,POST_OFFICE,Nakiyadeniya
91003,POST_OFFICE,Nakkala
60186,POST_OFFICE,Nakkawatta
82300,POST_OFFICE,Nakulugamuwa
21082,POST_OFFICE,Nalanda
61244,POST_OFFICE,Nalladarankattuwa
32037,POST_OFFICE,Namaloya
50339,POST_OFFICE,Namalpura
90580,POST_OFFICE,Namunukula
41033,POST_OFFICE,Nanattan
91519,POST_OFFICE,Nannapurawa
22150,POST_OFFICE,Nanuoya
10704,POST_OFFICE,Napawala
60100,POST_OFFICE,Narammala
90064,POST_OFFICE,Narangala
60152,POST_OFFICE,Narangoda
20176,POST_OFFICE,Narampanawa
11063,POST_OFFICE,Naranwala
81302,POST_OFFICE,Narawelpita
61190,POST_OFFICE,Nattandiya
20194,POST_OFFICE,Nattarampotha
21090,POST_OFFICE,Naula
80416,POST_OFFICE,Navadagala
30238,POST_OFFICE,Navagirinagar
30018,POST_OFFICE,Navatkadu
81017,POST_OFFICE,Navimana
32308,POST_OFFICE,Navithanveli
61520,POST_OFFICE,Nawagattegama
70469,POST_OFFICE,Nawalakanda
20650,POST_OFFICE,Nawalapitiya
51071,POST_OFFICE,Nawamahasenpura
32120,POST_OFFICE,Nawamedagama
11222,POST_OFFICE,Nawana
51066,POST_OFFICE,Nawasenapura
60292,POST_OFFICE,Nawatalwatta
22670,POST_OFFICE,Nawathispane
70165,POST_OFFICE,Nawinnapinnakanda
12106,POST_OFFICE,Nawuttuduwa
22568,POST_OFFICE,Nayapana Colony
12030,POST_OFFICE,Neboda
11066,POST_OFFICE,Nedungamuwa
43075,POST_OFFICE,Nedunkerny
31228,POST_OFFICE,Neelapola
40165,POST_OFFICE,Neervely
11500,POST_OFFICE,Negambo
50180,POST_OFFICE,Negampaha
60549,POST_OFFICE,Nelliya
32042,POST_OFFICE,Nelliyadda
90042,POST_OFFICE,Nelumgama
51096,POST_OFFICE,Nelumwewa
71060,POST_OFFICE,Nelundeniya
80082,POST_OFFICE,Neluwa
43100,POST_OFFICE,Neriyakulam
82135,POST_OFFICE,Netolpitiya
82414,POST_OFFICE,Nihiluwa
60580,POST_OFFICE,Nikadalupotha
11128,POST_OFFICE,Nikahetikanda
90165,POST_OFFICE,Nikapotha
21203,POST_OFFICE,Nikawehera
60470,POST_OFFICE,Nikaweratiya
31010,POST_OFFICE,Nilaveli
22280,POST_OFFICE,Nildandahinna
91508,POST_OFFICE,Nilgala
20418,POST_OFFICE,Nillambe
80318,POST_OFFICE,Nindana
32340,POST_OFFICE,Nintavur
70038,POST_OFFICE,Niralgama
22075,POST_OFFICE,Nishshanka Uyana
11880,POST_OFFICE,Nittambuwa
11354,POST_OFFICE,Nivandama
70400,POST_OFFICE,Nivithigala
71608,POST_OFFICE,Niwatuwa
71602,POST_OFFICE,Niyadurupola
50200,POST_OFFICE,Nochchiyagama
71407,POST_OFFICE,Noori
61342,POST_OFFICE,Norachcholai
22058,POST_OFFICE,Norwood
21534,POST_OFFICE,Nugagolla
20204,POST_OFFICE,Nugaliyadda
90216,POST_OFFICE,Nugatalawa
20072,POST_OFFICE,Nugawela
10250,POST_OFFICE,Nugegoda
22200,POST_OFFICE,Nuwara Eliya
51039,POST_OFFICE,Nuwaragala
91007,POST_OFFICE,Obbegoda
30420,POST_OFFICE,Oddamavadi
42200,POST_OFFICE,Oddusuddan
90168,POST_OFFICE,Ohiya
91060,POST_OFFICE,Okkampitiya
32360,POST_OFFICE,Oluwil
70215,POST_OFFICE,Omalpe
43050,POST_OFFICE,Omanthai
51004,POST_OFFICE,Onegama
21076,POST_OFFICE,Opalgala
70080,POST_OFFICE,Opanayake
80142,POST_OFFICE,Opatha
51256,POST_OFFICE,Orubendisiyambalawa
21020,POST_OFFICE,Ovilikanda
41045,POST_OFFICE,P.P.Potkerny
12074,POST_OFFICE,Padagoda
70230,POST_OFFICE,Padalangala
50572,POST_OFFICE,Padavi Maithripura
50582,POST_OFFICE,Padavi Parakramapura
50588,POST_OFFICE,Padavi Sri tissapura
50587,POST_OFFICE,Padavi Sripura
50570,POST_OFFICE,Padaviya
82636,POST_OFFICE,Padawkema
60461,POST_OFFICE,Padeniya
50338,POST_OFFICE,Padikaramaduwa
60236,POST_OFFICE,Padiwela
22750,POST_OFFICE,Padiyapelella
32100,POST_OFFICE,Padiyatalawa
10500,POST_OFFICE,Padukka
82008,POST_OFFICE,Pahala Andarawewa
60193,POST_OFFICE,Pahala Diyadora
50206,POST_OFFICE,Pahala Halmillewa
50220,POST_OFFICE,Pahala Maragahawewa
81472,POST_OFFICE,Pahala Millawa
50244,POST_OFFICE,Pahalagama
60735,POST_OFFICE,Pahalagiribawa
12144,POST_OFFICE,Pahalahewessa
32034,POST_OFFICE,Pahalalanda
90756,POST_OFFICE,Pahalarathkinda
60112,POST_OFFICE,Pahamune
12050,POST_OFFICE,Paiyagala
50111,POST_OFFICE,Palagala
43065,POST_OFFICE,Palamoddai
41015,POST_OFFICE,Palampiddy
32354,POST_OFFICE,Palamunai
21070,POST_OFFICE,Palapathwala
81050,POST_OFFICE,Palatuwa
61280,POST_OFFICE,Palaviya
70607,POST_OFFICE,Paleegala
42550,POST_OFFICE,Pallai
61040,POST_OFFICE,Pallama
42615,POST_OFFICE,Pallavarayankaddu
70170,POST_OFFICE,Pallebedda
20734,POST_OFFICE,Pallebowala
82454,POST_OFFICE,Pallekanda
90534,POST_OFFICE,Pallekiruwa
20084,POST_OFFICE,Pallekotuwa
21152,POST_OFFICE,Pallepola
11150,POST_OFFICE,Pallewela
61354,POST_OFFICE,Palliwasalturai
70161,POST_OFFICE,Palugahawela
51046,POST_OFFICE,Palugasdamana
50144,POST_OFFICE,Palugaswewa
60726,POST_OFFICE,Palugolla
60704,POST_OFFICE,Palukadawala
70133,POST_OFFICE,Pambagolla
43135,POST_OFFICE,Pampaimadu
11370,POST_OFFICE,Pamunugama
11214,POST_OFFICE,Pamunuwatta
60348,POST_OFFICE,Panadaragama
12500,POST_OFFICE,Panadura
60052,POST_OFFICE,Panagamuwa
81075,POST_OFFICE,Panakaduwa
60312,POST_OFFICE,Panaliya
32508,POST_OFFICE,Panama
70218,POST_OFFICE,Panamura
80075,POST_OFFICE,Panangala
70152,POST_OFFICE,Panapitiya
70461,POST_OFFICE,Panapola
70612,POST_OFFICE,Panawala
40100,POST_OFFICE,Pandaterippu
50448,POST_OFFICE,Pandukabayapura
50029,POST_OFFICE,Pandulagama
90731,POST_OFFICE,Pangaragammana
91002,POST_OFFICE,Pangura
30444,POST_OFFICE,Panichankerni
61234,POST_OFFICE,Panirendawa
50009,POST_OFFICE,Paniyankadawala
30352,POST_OFFICE,Pankudavely
31034,POST_OFFICE,Pankulam
60558,POST_OFFICE,Panliyadda
60160,POST_OFFICE,Pannala
32022,POST_OFFICE,Pannalagama
12114,POST_OFFICE,Pannila
80086,POST_OFFICE,Pannimulla Panagoda
10230,POST_OFFICE,Pannipitiya
60554,POST_OFFICE,Pansiyagama
20830,POST_OFFICE,Panwila
20544,POST_OFFICE,Panwilatenna
20578,POST_OFFICE,Paradeka
60071,POST_OFFICE,Paragahadeniya
32031,POST_OFFICE,Paragahakele
81474,POST_OFFICE,Paragala
12414,POST_OFFICE,Paragastota
12302,POST_OFFICE,Paragoda
12122,POST_OFFICE,Paraigama
70550,POST_OFFICE,Parakaduwa
51016,POST_OFFICE,Parakrama Samudraya
50326,POST_OFFICE,Parakumpura
50354,POST_OFFICE,Parangiyawadiya
42500,POST_OFFICE,Paranthan
81322,POST_OFFICE,Parapamulla
71105,POST_OFFICE,Parape
50055,POST_OFFICE,Parasangahawewa
32506,POST_OFFICE,Pasarichchenai
20654,POST_OFFICE,Pasbage
81615,POST_OFFICE,Pasgoda
90500,POST_OFFICE,Passara
11890,POST_OFFICE,Pasyala
22012,POST_OFFICE,Patana
90071,POST_OFFICE,Pathanewatta
20511,POST_OFFICE,Patitalawa
71130,POST_OFFICE,Pattampitiya
20118,POST_OFFICE,Pattiya Watta
43105,POST_OFFICE,Pavatkulam
70045,POST_OFFICE,Pebotuwa
12214,POST_OFFICE,Pelanda
51033,POST_OFFICE,Pelatiyawa
12138,POST_OFFICE,Pelawatta
12146,POST_OFFICE,Pelawatta Tea.Project
90522,POST_OFFICE,Pelgahatenna
11830,POST_OFFICE,Peliyagoda
70070,POST_OFFICE,Pelmadulla
70053,POST_OFFICE,Pelwadiya
21105,POST_OFFICE,Pelwehera
50020,POST_OFFICE,Pemaduwa
81722,POST_OFFICE,Penetiyana
11741,POST_OFFICE,Pepiliyawala
20400,POST_OFFICE,Peradeniya
21532,POST_OFFICE,Perakanatta
90222,POST_OFFICE,Perawella
50004,POST_OFFICE,Perimiyankulama
60518,POST_OFFICE,Periyakadunelawa
41025,POST_OFFICE,Periyakunchukkulam
41170,POST_OFFICE,Periyamadu
32316,POST_OFFICE,Periyaneelavanai
30230,POST_OFFICE,Periyaporativu
30358,POST_OFFICE,Periyapullumalai
43145,POST_OFFICE,Periyathampanai
43110,POST_OFFICE,Periyaulukkulam
41210,POST_OFFICE,Pesalai
11043,POST_OFFICE,Pethiyagoda
60439,POST_OFFICE,Pihimbiya Ratmale
50512,POST_OFFICE,Pihimbiyagollewa
60053,POST_OFFICE,Pihimbuwa
20196,POST_OFFICE,Pilawala
60058,POST_OFFICE,Pilessa
20450,POST_OFFICE,Pilimatalawa
10300,POST_OFFICE,Piliyandala
30022,POST_OFFICE,Pillaiyaradi
70472,POST_OFFICE,Pimbura
51102,POST_OFFICE,Pimburattewa
70130,POST_OFFICE,Pinnawala
81450,POST_OFFICE,Pitabeddara
71360,POST_OFFICE,Pitagaldeniya
91505,POST_OFFICE,Pitakumbura
90544,POST_OFFICE,Pitamaruwa
90171,POST_OFFICE,Pitapola
22682,POST_OFFICE,Pitawala
80420,POST_OFFICE,Pitigala
10206,POST_OFFICE,Pitipana Homagama
80170,POST_OFFICE,Poddala
20106,POST_OFFICE,Poholiyadda
70562,POST_OFFICE,Pohorabawa
40600,POST_OFFICE,Point Pedro
12404,POST_OFFICE,Pokunuwita
60300,POST_OFFICE,Polgahawela
12136,POST_OFFICE,Polgampola
10320,POST_OFFICE,Polgasowita
20250,POST_OFFICE,Polgolla
51000,POST_OFFICE,Polonnaruwa
11324,POST_OFFICE,Polpithimukulana
60620,POST_OFFICE,Polpitigama
32032,POST_OFFICE,Polwaga Janapadaya
61307,POST_OFFICE,Ponparappi
90107,POST_OFFICE,Poonagala
42606,POST_OFFICE,Poonakary Nallur
20951,POST_OFFICE,Poppitiya
80408,POST_OFFICE,Porawagama
12432,POST_OFFICE,Poruwedanda
81538,POST_OFFICE,Pothdeniya
20312,POST_OFFICE,Poththapitiya
60330,POST_OFFICE,Pothuhera
71039,POST_OFFICE,Pothukoladeniya
70338,POST_OFFICE,Pothupitiya
61162,POST_OFFICE,Pothuwatawana
32500,POST_OFFICE,Pottuvil
21502,POST_OFFICE,Pubbiliya
50122,POST_OFFICE,Pubbogama
10660,POST_OFFICE,Pugoda
90212,POST_OFFICE,Puhulpola
81290,POST_OFFICE,Puhulwella
20112,POST_OFFICE,Pujapitiya
51050,POST_OFFICE,Pulastigama
42509,POST_OFFICE,Puliyampokkanai
50328,POST_OFFICE,Puliyankadawala
43070,POST_OFFICE,Puliyankulam
22051,POST_OFFICE,Puliyawaththa
31017,POST_OFFICE,Pulmoddai
40615,POST_OFFICE,Puloly
42600,POST_OFFICE,Punakary
30428,POST_OFFICE,Punanai
22120,POST_OFFICE,Pundaluoya
50506,POST_OFFICE,Punewa
40330,POST_OFFICE,Punguduthivu
20546,POST_OFFICE,Pupuressa
20580,POST_OFFICE,Pussellawa
60072,POST_OFFICE,Puswelitenna
42530,POST_OFFICE,Puthukkudiyiruppu
30158,POST_OFFICE,Puthukudiyiruppu
42330,POST_OFFICE,Puthuvedduvan
61326,POST_OFFICE,Puttalam Cement Factory
61300,POST_OFFICE,Puttalam
40158,POST_OFFICE,Puttur
20906,POST_OFFICE,Putuhapuwa
43140,POST_OFFICE,Puvarasankulam
10712,POST_OFFICE,Puwakpitiya
11892,POST_OFFICE,Radawadunna
11725,POST_OFFICE,Radawana
81316,POST_OFFICE,Radawela
11400,POST_OFFICE,Raddolugama
11010,POST_OFFICE,Ragama
32068,POST_OFFICE,Rajagalatenna
10107,POST_OFFICE,Rajagiriya
61242,POST_OFFICE,Rajakadaluwa
50246,POST_OFFICE,Rajanganaya
70116,POST_OFFICE,Rajawaka
20180,POST_OFFICE,Rajawella
80260,POST_OFFICE,Rajgama
70300,POST_OFFICE,Rakwana
42408,POST_OFFICE,Ramanathapuram
50450,POST_OFFICE,Rambewa
22590,POST_OFFICE,Ramboda
20128,POST_OFFICE,Rambukewela
71100,POST_OFFICE,Rambukkana
20676,POST_OFFICE,Rambukpitiya
82033,POST_OFFICE,Rambukpotha
82554,POST_OFFICE,Rammalawarapitiya
50386,POST_OFFICE,Rampathwila
82612,POST_OFFICE,Ranakeliya
10654,POST_OFFICE,Ranala
21524,POST_OFFICE,Ranamuregama
91204,POST_OFFICE,Randeniya
20922,POST_OFFICE,Rangala
60095,POST_OFFICE,Ranjanagama
82018,POST_OFFICE,Ranmuduwewa
82125,POST_OFFICE,Ranna
50212,POST_OFFICE,Ranorawa
81064,POST_OFFICE,Ransegoda
20990,POST_OFFICE,Rantembe
80354,POST_OFFICE,Rantotuvila
70162,POST_OFFICE,Ranwala
70135,POST_OFFICE,Rassagala
10390,POST_OFFICE,Rathmalana
50514,POST_OFFICE,Rathmalgahawewa
20818,POST_OFFICE,Rathukohodigala
90164,POST_OFFICE,Ratkarawwa
81030,POST_OFFICE,Ratmale
82276,POST_OFFICE,Ratmalwala
70036,POST_OFFICE,Ratna Hangamuwa
70000,POST_OFFICE,Ratnapura
21400,POST_OFFICE,Rattota
12009,POST_OFFICE,Remunagoda
90704,POST_OFFICE,Rideemaliyadda
60606,POST_OFFICE,Ridibendiella
60040,POST_OFFICE,Ridigama
20730,POST_OFFICE,Rikillagaskada
90026,POST_OFFICE,Rilpola
22672,POST_OFFICE,Rojarsangama
31038,POST_OFFICE,Rotawewa
81074,POST_OFFICE,Rotumba
22008,POST_OFFICE,Rozella
82106,POST_OFFICE,Ruhunu Ridiyagama
51112,POST_OFFICE,Ruhunugama
11142,POST_OFFICE,Rukgahavila
11129,POST_OFFICE,Rukmale
22245,POST_OFFICE,Rupaha
91056,POST_OFFICE,Ruwalwela
22212,POST_OFFICE,Ruwaneliya
71300,POST_OFFICE,Ruwanwella
32280,POST_OFFICE,Sainthamaruthu
60736,POST_OFFICE,Saliya Asokapura
50008,POST_OFFICE,Saliyapura
61324,POST_OFFICE,Saliyawewa Junction
70142,POST_OFFICE,Samanalawewa
32200,POST_OFFICE,Sammanthurai
31006,POST_OFFICE,Sampaltivu
31216,POST_OFFICE,Sampoor
60176,POST_OFFICE,Sandalankawa
20913,POST_OFFICE,Sandasiri Dunuwila
40098,POST_OFFICE,Sandilipay
20044,POST_OFFICE,Sangarajapura
43090,POST_OFFICE,Sasthirikoolankulam
71708,POST_OFFICE,Seaforth Colony
11410,POST_OFFICE,Seeduwa
50380,POST_OFFICE,Seeppukulam
22207,POST_OFFICE,Seetha Eliya
10700,POST_OFFICE,Seethawakapura
21058,POST_OFFICE,Selagama
91405,POST_OFFICE,Sella Kataragama
50263,POST_OFFICE,Selweheragama
50284,POST_OFFICE,Senapura
20904,POST_OFFICE,Senarathwala
32101,POST_OFFICE,Serankada
61042,POST_OFFICE,Serukele
31232,POST_OFFICE,Serunuwara
31260,POST_OFFICE,Seruwila
70250,POST_OFFICE,Sevanagala
51062,POST_OFFICE,Sevanapitiya
22202,POST_OFFICE,Shanthipura
50042,POST_OFFICE,Shravasthipura
10304,POST_OFFICE,Siddamulla
21120,POST_OFFICE,Sigiriya
90364,POST_OFFICE,Silmiyapura
90027,POST_OFFICE,Silpolagama
51378,POST_OFFICE,Singhagama
51022,POST_OFFICE,Singhaudagama
31314,POST_OFFICE,Sirajnagar
61312,POST_OFFICE,Sirambiadiya
90044,POST_OFFICE,Sirimalgoda
51155,POST_OFFICE,Siripura
60478,POST_OFFICE,Sirisethagama
40229,POST_OFFICE,Sithankerny
30378,POST_OFFICE,Sittandy
50068,POST_OFFICE,Sivalakulama
42618,POST_OFFICE,Sivapuram
61504,POST_OFFICE,Siyambalagashena
60113,POST_OFFICE,Siyambalagaskotuwa
81462,POST_OFFICE,Siyambalagoda
91202,POST_OFFICE,Siyambalagune
91030,POST_OFFICE,Siyambalanduwa
60646,POST_OFFICE,Siyambalangamuwa
11607,POST_OFFICE,Siyambalape
32048,POST_OFFICE,Siyambalawewa
50184,POST_OFFICE,Siyambalewa
42415,POST_OFFICE,Skandapuram
00200,POST_OFFICE,Slave Island
60737,POST_OFFICE,Solepura
60738,POST_OFFICE,Solewewa
31222,POST_OFFICE,Somapura
31307,POST_OFFICE,Sooriyapura
82010,POST_OFFICE,Sooriyawewa Town
90718,POST_OFFICE,Sorabora Colony
90183,POST_OFFICE,Soragune
90008,POST_OFFICE,Soranatota
10412,POST_OFFICE,Soysapura
90028,POST_OFFICE,Spring Valley
70151,POST_OFFICE,Sri Godankumbura
10100,POST_OFFICE,Sri Jayawardenapura
70004,POST_OFFICE,Sri Palabaddala
70502,POST_OFFICE,Sudagala
81051,POST_OFFICE,Sultanagoda
60436,POST_OFFICE,Sunandapura
51052,POST_OFFICE,Sungavila
91306,POST_OFFICE,Suriyaara
10301,POST_OFFICE,Suwarapola
61322,POST_OFFICE,Tabbowa
11504,POST_OFFICE,Talahena
41220,POST_OFFICE,Talaimannar
21116,POST_OFFICE,Talakiriyagama
70101,POST_OFFICE,Talakolahinna
20200,POST_OFFICE,Talatuoya
50230,POST_OFFICE,Talawa
22100,POST_OFFICE,Talawakele
60306,POST_OFFICE,Talawattegedara
10116,POST_OFFICE,Talawatugoda
61344,POST_OFFICE,Talawila Church
90014,POST_OFFICE,Taldena
80058,POST_OFFICE,Talgampala
80406,POST_OFFICE,Talgaspe
71541,POST_OFFICE,Talgaspitiya
80470,POST_OFFICE,Talgaswala
80615,POST_OFFICE,Talpe
51044,POST_OFFICE,Talpotha
51089,POST_OFFICE,Tamankaduwa
51049,POST_OFFICE,Tambala
60734,POST_OFFICE,Tambutta
50240,POST_OFFICE,Tambuttegama
50104,POST_OFFICE,Tammennawa
60517,POST_OFFICE,Tammennawatiya
31046,POST_OFFICE,Tampalakamam
91300,POST_OFFICE,Tanamalwila
82200,POST_OFFICE,Tangalla
70118,POST_OFFICE,Tanjantenna
50016,POST_OFFICE,Tantirimale
80148,POST_OFFICE,Tawalama
20838,POST_OFFICE,Tawalantenna
12025,POST_OFFICE,Tebuwana
82103,POST_OFFICE,Telawilla
20900,POST_OFFICE,Teldeniya
50242,POST_OFFICE,Telhiriyawa
71724,POST_OFFICE,Teligama
81060,POST_OFFICE,Telijjawila
40130,POST_OFFICE,Tellipalai
80242,POST_OFFICE,Telwaththa
32072,POST_OFFICE,Tempitiya
31019,POST_OFFICE,Tennamaravady
20166,POST_OFFICE,Tennekumbura
90072,POST_OFFICE,Tennepanguwa
70512,POST_OFFICE,Teppanawa
22287,POST_OFFICE,Teripeha
42558,POST_OFFICE,Thadduvankoddy
60208,POST_OFFICE,Thalahitimulla
60624,POST_OFFICE,Thalakolawewa
42563,POST_OFFICE,Thalayady
60572,POST_OFFICE,Thalwita
60584,POST_OFFICE,Thambagalla
32415,POST_OFFICE,Thambiluvil
30024,POST_OFFICE,Thannamunai
60227,POST_OFFICE,Tharana Udawela
41190,POST_OFFICE,Tharapuram
42512,POST_OFFICE,Tharmapuram
30196,POST_OFFICE,Thettativu
81280,POST_OFFICE,Thihagoda
30236,POST_OFFICE,Thikkodai
11532,POST_OFFICE,Thimbirigaskatuwa
90012,POST_OFFICE,Thimbirigaspitiya
60476,POST_OFFICE,Thimbiriyawa
30234,POST_OFFICE,Thirupalugamam
71619,POST_OFFICE,Tholangamuwa
40545,POST_OFFICE,Thondamanaru
41120,POST_OFFICE,Thruketheeswaram Kovil
42320,POST_OFFICE,Thunukkai
30254,POST_OFFICE,Thuraineelavanai
80244,POST_OFFICE,Tiranagama
50072,POST_OFFICE,Tirappane
31016,POST_OFFICE,Tiriyai
32420,POST_OFFICE,Tirukkovil
60453,POST_OFFICE,Tisogama
82600,POST_OFFICE,Tissamaharama
50558,POST_OFFICE,Tittagonewa
10664,POST_OFFICE,Tittapattara
61224,POST_OFFICE,Toduwawa
31250,POST_OFFICE,Toppur
60499,POST_OFFICE,Torayaya
31000,POST_OFFICE,Trincomalee
71610,POST_OFFICE,Tulhiriya
10682,POST_OFFICE,Tummodara
70205,POST_OFFICE,Tunkama
71062,POST_OFFICE,Tuntota
60426,POST_OFFICE,Tuttiripitigama
82504,POST_OFFICE,Uda gomadiya
20404,POST_OFFICE,Uda Peradeniya
60241,POST_OFFICE,Udadeniyagama
20950,POST_OFFICE,Udadumbara
71113,POST_OFFICE,Udagaldeniya
70154,POST_OFFICE,Udahawupe
60533,POST_OFFICE,Udahena
20506,POST_OFFICE,Udahentenna
20094,POST_OFFICE,Udahingulwala
60043,POST_OFFICE,Udahorombuwa
70044,POST_OFFICE,Udakarawita
80108,POST_OFFICE,Udalamatta
22285,POST_OFFICE,Udamadura
82638,POST_OFFICE,Udamattala
70034,POST_OFFICE,Udaniriella
71236,POST_OFFICE,Udapotha
61004,POST_OFFICE,Udappuwa
22250,POST_OFFICE,Udapussellawa
21051,POST_OFFICE,Udasgiriya
20802,POST_OFFICE,Udatalavinna
21006,POST_OFFICE,Udatenna
11054,POST_OFFICE,Udathuththiripitiya
70190,POST_OFFICE,Udawalawe
20722,POST_OFFICE,Udawatta
42532,POST_OFFICE,Udayarkaddu
20916,POST_OFFICE,Udispattuwa
60250,POST_OFFICE,Udubaddawa
80070,POST_OFFICE,Udugama
11030,POST_OFFICE,Udugampola
90226,POST_OFFICE,Uduhawara
71521,POST_OFFICE,Udumulla
50207,POST_OFFICE,Udunuwara Colony
20052,POST_OFFICE,Uduwa
20934,POST_OFFICE,Uduwahinna
12322,POST_OFFICE,Uduwara
20164,POST_OFFICE,Uduwela
32060,POST_OFFICE,Uhana
60094,POST_OFFICE,Uhumiya
21300,POST_OFFICE,Ukuwela
20562,POST_OFFICE,Ulapane
70345,POST_OFFICE,Ullinduwawa
60622,POST_OFFICE,Ulpotha Pallekele
20965,POST_OFFICE,Ulpothagama
80168,POST_OFFICE,Uluvitike
51008,POST_OFFICE,Unagalavehera
20719,POST_OFFICE,Unantenna
80600,POST_OFFICE,Unawatuna
71200,POST_OFFICE,Undugoda
80214,POST_OFFICE,Unanvitiya
30364,POST_OFFICE,Unnichchai
20708,POST_OFFICE,Unuwinna
50382,POST_OFFICE,Upuldeniya
80352,POST_OFFICE,Uragaha
80350,POST_OFFICE,Uragasmanhandiya
90702,POST_OFFICE,Uraniya
11126,POST_OFFICE,Urapola
61502,POST_OFFICE,Uriyawa
81600,POST_OFFICE,Urubokka
81230,POST_OFFICE,Urugamuwa
40180,POST_OFFICE,Urumpirai
81414,POST_OFFICE,Urumutta
42502,POST_OFFICE,Uruthirapuram
60732,POST_OFFICE,Usgala Siyambalangamuwa
71510,POST_OFFICE,Ussapitiya
11328,POST_OFFICE,Uswetakeiyawa
82278,POST_OFFICE,Uswewa
50067,POST_OFFICE,Uttimaduwa
12127,POST_OFFICE,Utumgama
90062,POST_OFFICE,Uva Deegalla
91054,POST_OFFICE,Uva Gangodagama
90091,POST_OFFICE,Uva Karandagolla
91298,POST_OFFICE,Uva Kudaoya
90139,POST_OFFICE,Uva Maligatenna
90192,POST_OFFICE,Uva Mawelagama
90123,POST_OFFICE,Uva Neluwa
91112,POST_OFFICE,Uva Pelwatta
90188,POST_OFFICE,Uva Tenna
90734,POST_OFFICE,Uva Tissapura
90061,POST_OFFICE,Uva Uduwara
90230,POST_OFFICE,Uva Paranagama
41110,POST_OFFICE,Uylankulam
42405,POST_OFFICE,Vaddakachchi
41150,POST_OFFICE,Vaddakandal
40220,POST_OFFICE,Vaddukoddai
30424,POST_OFFICE,Vakaneri
30450,POST_OFFICE,Vakarai
30400,POST_OFFICE,Valaichenai
41100,POST_OFFICE,Vankalai
42430,POST_OFFICE,Vannerikulam
30376,POST_OFFICE,Vantharumoolai
40640,POST_OFFICE,Varany
43123,POST_OFFICE,Varikuddiyoor
40145,POST_OFFICE,Vasavilan
42305,POST_OFFICE,Vavunikulam
43000,POST_OFFICE,Vavuniya
70459,POST_OFFICE,Veddagala
91005,POST_OFFICE,Vedikumbura
91073,POST_OFFICE,Veheragoda
20640,POST_OFFICE,Velamboda
40300,POST_OFFICE,Velanai
31053,POST_OFFICE,Vellamanal
41185,POST_OFFICE,Vellankulam
30204,POST_OFFICE,Vellavely
40540,POST_OFFICE,Velvetiturai
42620,POST_OFFICE,Veravil
12204,POST_OFFICE,Veyangalla
11100,POST_OFFICE,Veyangoda
41165,POST_OFFICE,Vidaththaltivu
81508,POST_OFFICE,Viharahena
50012,POST_OFFICE,Viharapalugama
70348,POST_OFFICE,Vijeriya
50110,POST_OFFICE,Vijithapura
42625,POST_OFFICE,Vinayagapuram
42534,POST_OFFICE,Visvamadukkulam
82232,POST_OFFICE,Vitharandeniya
60318,POST_OFFICE,Wadakada
12560,POST_OFFICE,Wadduwa
32039,POST_OFFICE,Wadinagala
60204,POST_OFFICE,Wadumunnegedara
10680,POST_OFFICE,Waga
71303,POST_OFFICE,Wahakula
50564,POST_OFFICE,Wahalkada
50492,POST_OFFICE,Wahamalgollewa
71304,POST_OFFICE,Waharaka
61110,POST_OFFICE,Waikkala
80042,POST_OFFICE,Wakwella
50086,POST_OFFICE,Walagambahuwa
12112,POST_OFFICE,Walagedara
80046,POST_OFFICE,Walahanduwa
50516,POST_OFFICE,Walahaviddawewa
81294,POST_OFFICE,Walakanda
60198,POST_OFFICE,Walakumburumulla
12134,POST_OFFICE,Walallawita
22270,POST_OFFICE,Walapane
81220,POST_OFFICE,Walasgala
82450,POST_OFFICE,Walasmulla
21048,POST_OFFICE,Walawela
70138,POST_OFFICE,Waleboda
11146,POST_OFFICE,Walgammulla
11226,POST_OFFICE,Walpita
11012,POST_OFFICE,Walpola
32454,POST_OFFICE,Wanagamuwa
11068,POST_OFFICE,Wanaluwawa
61306,POST_OFFICE,Wanathawilluwa
80120,POST_OFFICE,Wanchawala
80100,POST_OFFICE,Wanduramba
31308,POST_OFFICE,Wanela
60721,POST_OFFICE,Wannikudawewa
60722,POST_OFFICE,Wannilhalagama
60490,POST_OFFICE,Wannirasnayakapura
71600,POST_OFFICE,Warakapola
81479,POST_OFFICE,Waralla
60739,POST_OFFICE,Warawewa
60400,POST_OFFICE,Wariyapola
80084,POST_OFFICE,Warukandeniya
91198,POST_OFFICE,Warunagama
21160,POST_OFFICE,Wasalakotte
12580,POST_OFFICE,Waskaduwa
20134,POST_OFFICE,Watagoda Harispattuwa
22110,POST_OFFICE,Watagoda
20508,POST_OFFICE,Watakedeniya
70408,POST_OFFICE,Watapotha
10511,POST_OFFICE,Watareka
22010,POST_OFFICE,Watawala
11724,POST_OFFICE,Wathurugama
11104,POST_OFFICE,Watinapaha
11301,POST_OFFICE,Wattala Market Junction
11300,POST_OFFICE,Wattala
20454,POST_OFFICE,Wattappola
20810,POST_OFFICE,Wattegama
61198,POST_OFFICE,Watugahamulla
80340,POST_OFFICE,Watugedara
71035,POST_OFFICE,Watura
70456,POST_OFFICE,Waturawa
60262,POST_OFFICE,Watuwatta
11858,POST_OFFICE,Weboda
71702,POST_OFFICE,Weeoya
82240,POST_OFFICE,Weeraketiya
60267,POST_OFFICE,Weerakodiyana
60097,POST_OFFICE,Weerambugedara
60454,POST_OFFICE,Weerapokuna
82615,POST_OFFICE,Weerawila New Town
82632,POST_OFFICE,Weerawila
71234,POST_OFFICE,Wegalla
11562,POST_OFFICE,Wegowwa
91206,POST_OFFICE,Weherayaya Handapanagala
21009,POST_OFFICE,Wehigala
80216,POST_OFFICE,Weihena
82246,POST_OFFICE,Wekandawela
21408,POST_OFFICE,Welangahawatte
60464,POST_OFFICE,Welawa Junction
90035,POST_OFFICE,Welgollagama
20610,POST_OFFICE,Weligalla
81700,POST_OFFICE,Weligama
20666,POST_OFFICE,Weligampola
82004,POST_OFFICE,Weligatta
70104,POST_OFFICE,Weligepola
71712,POST_OFFICE,Welihelatenna
51070,POST_OFFICE,Welikanda
90200,POST_OFFICE,Welimada
50358,POST_OFFICE,Welimuwapotana
50586,POST_OFFICE,Welioya Project
70124,POST_OFFICE,Welipathayaya
12108,POST_OFFICE,Welipenna
60240,POST_OFFICE,Welipennagahamulla
81720,POST_OFFICE,Welipitiya
11710,POST_OFFICE,Weliveriya
60402,POST_OFFICE,Wellegala
70293,POST_OFFICE,Wellandura
60456,POST_OFFICE,Wellarawa
60570,POST_OFFICE,Wellawa
00600,POST_OFFICE,Wellawatta
91200,POST_OFFICE,Wellawaya
12534,POST_OFFICE,Welmilla Junction
60206,POST_OFFICE,Welpalla
20914,POST_OFFICE,Wendaruwa
61170,POST_OFFICE,Wennappuwa
60284,POST_OFFICE,Wennoruwa
71622,POST_OFFICE,Weragala
20982,POST_OFFICE,Weragantota
32062,POST_OFFICE,Weranketagoda
20908,POST_OFFICE,Werapitiya
20080,POST_OFFICE,Werellagama
20108,POST_OFFICE,Wettewa
60080,POST_OFFICE,Weuda
60195,POST_OFFICE,Wewagama
21114,POST_OFFICE,Wewalawewa
90716,POST_OFFICE,Wewatta
11894,POST_OFFICE,Weweldeniya
70066,POST_OFFICE,Wewelwatta
22032,POST_OFFICE,Widulipura
22018,POST_OFFICE,Wijayabahukanda
51042,POST_OFFICE,Wijayabahupura
61006,POST_OFFICE,Wijayakatupotha
70114,POST_OFFICE,Wikiliya
20142,POST_OFFICE,Wilanagama
91022,POST_OFFICE,Wilaoya
21530,POST_OFFICE,Wilgamuwa
81404,POST_OFFICE,Wilpita
61008,POST_OFFICE,Wilpotha
90034,POST_OFFICE,Wineethagama
60465,POST_OFFICE,Withikuliya
12124,POST_OFFICE,Yagirala
20234,POST_OFFICE,Yahalatenna
11870,POST_OFFICE,Yakkala
80150,POST_OFFICE,Yakkalamulla
60202,POST_OFFICE,Yakwila
90329,POST_OFFICE,Yalagamuwa
90706,POST_OFFICE,Yalwela
12104,POST_OFFICE,Yatadolawatta
71116,POST_OFFICE,Yatagama
80107,POST_OFFICE,Yatalamatta
71326,POST_OFFICE,Yatapana
12006,POST_OFFICE,Yatawara Junction
21056,POST_OFFICE,Yatawatta
82418,POST_OFFICE,Yatigala
60314,POST_OFFICE,Yatigaloluwa
20034,POST_OFFICE,Yatihalagala
60345,POST_OFFICE,Yatikaduruwa
20529,POST_OFFICE,Yatipiyangala
81034,POST_OFFICE,Yatiyana
11566,POST_OFFICE,Yatiyana
71700,POST_OFFICE,Yatiyantota
12147,POST_OFFICE,Yattapatha Sinharaja Gardens
71029,POST_OFFICE,Yattogoda
51422,POST_OFFICE,Yodaela
42315,POST_OFFICE,Yogapuram
61144,POST_OFFICE,Yogiyana
51424,POST_OFFICE,Yudaganawa
